mean_fit_time,std_fit_time,mean_score_time,std_score_time,param_criterion,param_max_features,param_n_estimators,params,split0_test_score,split1_test_score,split2_test_score,split3_test_score,split4_test_score,mean_test_score,std_test_score,rank_test_score,split0_train_score,split1_train_score,split2_train_score,split3_train_score,split4_train_score,mean_train_score,std_train_score
0.030377531051635744,0.0026622082522595376,0.0021943569183349608,0.0003988994463902744,gini,10,10,"{'criterion': 'gini', 'max_features': 10, 'n_estimators': 10}",0.9047619047619048,0.8554216867469879,0.927710843373494,0.891566265060241,0.8072289156626506,0.8773379231210556,0.04216051688900698,199,0.9969879518072289,0.996996996996997,0.990990990990991,0.990990990990991,1.0,0.9951933861572415,0.003602700787838125
0.052428054809570315,0.001673132601078721,0.002799797058105469,0.00040372930668031674,gini,10,20,"{'criterion': 'gini', 'max_features': 10, 'n_estimators': 20}",0.9166666666666666,0.8795180722891566,0.927710843373494,0.9397590361445783,0.8433734939759037,0.9014056224899598,0.03533451923465723,178,1.0,1.0,1.0,1.0,1.0,1.0,0.0
0.0788649082183838,0.0032167697375853842,0.003790283203125,0.0007451810674215075,gini,10,30,"{'criterion': 'gini', 'max_features': 10, 'n_estimators': 30}",0.9166666666666666,0.891566265060241,0.9397590361445783,0.963855421686747,0.8554216867469879,0.9134538152610443,0.037654752114021944,122,1.0,1.0,1.0,1.0,1.0,1.0,0.0
0.10515174865722657,0.0016941136402130151,0.004392433166503906,0.0004945071791459575,gini,10,40,"{'criterion': 'gini', 'max_features': 10, 'n_estimators': 40}",0.8928571428571429,0.9156626506024096,0.963855421686747,0.9518072289156626,0.8795180722891566,0.9207401032702236,0.032639218199041045,45,1.0,1.0,1.0,1.0,1.0,1.0,0.0
0.13657846450805664,0.011630498360084689,0.006186199188232422,0.0009652415840606392,gini,10,50,"{'criterion': 'gini', 'max_features': 10, 'n_estimators': 50}",0.9047619047619048,0.9036144578313253,0.9518072289156626,0.9397590361445783,0.8795180722891566,0.9158921399885255,0.02629531806660414,95,1.0,1.0,1.0,1.0,1.0,1.0,0.0
0.15576205253601075,0.005703037908267287,0.007379770278930664,0.0014908621865826251,gini,10,60,"{'criterion': 'gini', 'max_features': 10, 'n_estimators': 60}",0.8928571428571429,0.9036144578313253,0.963855421686747,0.9518072289156626,0.8674698795180723,0.91592082616179,0.03637700859193587,82,1.0,1.0,1.0,1.0,1.0,1.0,0.0
0.21548199653625488,0.015362754672641749,0.008786725997924804,0.0014215358515913428,gini,10,70,"{'criterion': 'gini', 'max_features': 10, 'n_estimators': 70}",0.9285714285714286,0.891566265060241,0.9518072289156626,0.9518072289156626,0.8795180722891566,0.9206540447504302,0.030139654581545657,57,1.0,1.0,1.0,1.0,1.0,1.0,0.0
0.2026538372039795,0.0012858919586759693,0.008162212371826173,0.0007721645321077297,gini,10,80,"{'criterion': 'gini', 'max_features': 10, 'n_estimators': 80}",0.9285714285714286,0.8795180722891566,0.963855421686747,0.9759036144578314,0.8674698795180723,0.9230636833046472,0.043527579212731954,39,1.0,1.0,1.0,1.0,1.0,1.0,0.0
0.22436223030090333,0.0019526693415162803,0.009212064743041991,0.0005256293331927827,gini,10,90,"{'criterion': 'gini', 'max_features': 10, 'n_estimators': 90}",0.9285714285714286,0.891566265060241,0.9759036144578314,0.963855421686747,0.8795180722891566,0.9278829604130809,0.038101285904721845,10,1.0,1.0,1.0,1.0,1.0,1.0,0.0
0.2513723373413086,0.004286440920778865,0.01019115447998047,0.0009931318331500227,gini,10,100,"{'criterion': 'gini', 'max_features': 10, 'n_estimators': 100}",0.9047619047619048,0.891566265060241,0.963855421686747,0.963855421686747,0.8795180722891566,0.9207114170969593,0.036120710822217364,48,1.0,1.0,1.0,1.0,1.0,1.0,0.0
0.03649430274963379,0.0006529545628993904,0.0018201828002929687,0.0007859560597673939,gini,20,10,"{'criterion': 'gini', 'max_features': 20, 'n_estimators': 10}",0.8571428571428571,0.8554216867469879,0.927710843373494,0.891566265060241,0.8433734939759037,0.8750430292598967,0.030839223964784897,200,1.0,0.993993993993994,1.0,1.0,0.996996996996997,0.9981981981981981,0.0024024024024023984
0.09241118431091308,0.007101863725314389,0.003955078125,0.0011218591751104717,gini,20,20,"{'criterion': 'gini', 'max_features': 20, 'n_estimators': 20}",0.8928571428571429,0.8674698795180723,0.963855421686747,0.963855421686747,0.8674698795180723,0.9111015490533563,0.0440596089087611,134,1.0,1.0,1.0,1.0,1.0,1.0,0.0
0.11399369239807129,0.01514353766287461,0.004337453842163086,0.0023082528521611513,gini,20,30,"{'criterion': 'gini', 'max_features': 20, 'n_estimators': 30}",0.9285714285714286,0.8795180722891566,0.963855421686747,0.963855421686747,0.8554216867469879,0.9182444061962134,0.04407675096050192,75,1.0,1.0,1.0,1.0,1.0,1.0,0.0
0.1373776912689209,0.0029603751707613893,0.004694604873657226,0.001163475548612994,gini,20,40,"{'criterion': 'gini', 'max_features': 20, 'n_estimators': 40}",0.9047619047619048,0.9156626506024096,0.963855421686747,0.9759036144578314,0.8674698795180723,0.9255306942053929,0.03976429285912749,16,1.0,1.0,1.0,1.0,1.0,1.0,0.0
0.19249458312988282,0.03255803992623938,0.005938959121704101,0.0019800374587620987,gini,20,50,"{'criterion': 'gini', 'max_features': 20, 'n_estimators': 50}",0.9166666666666666,0.9036144578313253,0.9759036144578314,0.9759036144578314,0.8674698795180723,0.9279116465863455,0.04237090539859142,5,1.0,1.0,1.0,1.0,1.0,1.0,0.0
0.3114978790283203,0.0979443543912732,0.008738899230957031,0.00188233683623213,gini,20,60,"{'criterion': 'gini', 'max_features': 20, 'n_estimators': 60}",0.8928571428571429,0.8674698795180723,0.963855421686747,0.963855421686747,0.8674698795180723,0.9111015490533563,0.0440596089087611,134,1.0,1.0,1.0,1.0,1.0,1.0,0.0
0.3018344402313232,0.011376075289828608,0.009598588943481446,0.0030911832191275125,gini,20,70,"{'criterion': 'gini', 'max_features': 20, 'n_estimators': 70}",0.9047619047619048,0.9036144578313253,0.963855421686747,0.9759036144578314,0.891566265060241,0.92794033275961,0.03476328672716874,3,1.0,1.0,1.0,1.0,1.0,1.0,0.0
0.345168399810791,0.04137237318784017,0.012339210510253907,0.0024783265747663217,gini,20,80,"{'criterion': 'gini', 'max_features': 20, 'n_estimators': 80}",0.9047619047619048,0.9036144578313253,0.9759036144578314,0.963855421686747,0.8674698795180723,0.9231210556511762,0.040644572270786834,24,1.0,1.0,1.0,1.0,1.0,1.0,0.0
0.33585543632507325,0.011279971501067906,0.010561132431030273,0.0013493337312270072,gini,20,90,"{'criterion': 'gini', 'max_features': 20, 'n_estimators': 90}",0.9047619047619048,0.8795180722891566,0.9397590361445783,0.9759036144578314,0.8795180722891566,0.9158921399885255,0.037258646079267065,95,1.0,1.0,1.0,1.0,1.0,1.0,0.0
0.38640503883361815,0.0398644748970888,0.012195253372192382,0.0016950784308645847,gini,20,100,"{'criterion': 'gini', 'max_features': 20, 'n_estimators': 100}",0.9166666666666666,0.9036144578313253,0.963855421686747,0.9759036144578314,0.8674698795180723,0.9255020080321286,0.03984008614439126,17,1.0,1.0,1.0,1.0,1.0,1.0,0.0
0.05462846755981445,0.009976713500703718,0.002891683578491211,0.0011205557213852413,gini,30,10,"{'criterion': 'gini', 'max_features': 30, 'n_estimators': 10}",0.9047619047619048,0.8554216867469879,0.9518072289156626,0.9518072289156626,0.8433734939759037,0.9014343086632243,0.045987290990174394,177,0.9969879518072289,1.0,0.996996996996997,1.0,1.0,0.9987969897608451,0.0014733833970874144
0.09288530349731446,0.001631812483213611,0.0029001235961914062,0.0006271726955592895,gini,30,20,"{'criterion': 'gini', 'max_features': 30, 'n_estimators': 20}",0.9047619047619048,0.891566265060241,0.963855421686747,0.9397590361445783,0.8674698795180723,0.9134825014343086,0.03435525860729848,121,1.0,1.0,0.996996996996997,1.0,1.0,0.9993993993993995,0.0012012012012012187
0.15908470153808593,0.02333494063810059,0.006186437606811523,0.002729884674027061,gini,30,30,"{'criterion': 'gini', 'max_features': 30, 'n_estimators': 30}",0.9166666666666666,0.9036144578313253,0.9518072289156626,0.9759036144578314,0.8674698795180723,0.9230923694779116,0.03775741208536937,32,1.0,1.0,1.0,1.0,1.0,1.0,0.0
0.2253028392791748,0.04430004758903709,0.005032873153686524,0.0007178298185679866,gini,30,40,"{'criterion': 'gini', 'max_features': 30, 'n_estimators': 40}",0.9047619047619048,0.891566265060241,0.9759036144578314,0.9759036144578314,0.8554216867469879,0.9207114170969593,0.04787260807431398,48,1.0,1.0,1.0,1.0,1.0,1.0,0.0
0.30500307083129885,0.036676065293242216,0.007111549377441406,0.0019850182920869708,gini,30,50,"{'criterion': 'gini', 'max_features': 30, 'n_estimators': 50}",0.8928571428571429,0.891566265060241,0.9759036144578314,0.9759036144578314,0.8795180722891566,0.9231497418244408,0.04332394787824518,21,1.0,1.0,1.0,1.0,1.0,1.0,0.0
0.3080610752105713,0.05125516237180773,0.021925020217895507,0.028008542773577352,gini,30,60,"{'criterion': 'gini', 'max_features': 30, 'n_estimators': 60}",0.9166666666666666,0.8795180722891566,0.9759036144578314,0.963855421686747,0.8795180722891566,0.9230923694779116,0.040717029433188445,32,1.0,1.0,1.0,1.0,1.0,1.0,0.0
0.3038764476776123,0.008435808605017463,0.009040021896362304,0.0016265301195176728,gini,30,70,"{'criterion': 'gini', 'max_features': 30, 'n_estimators': 70}",0.8928571428571429,0.8795180722891566,0.963855421686747,0.9518072289156626,0.8674698795180723,0.9111015490533563,0.03917657565248902,134,1.0,1.0,1.0,1.0,1.0,1.0,0.0
0.3579399585723877,0.010654392616382898,0.01076803207397461,0.0013418509893844013,gini,30,80,"{'criterion': 'gini', 'max_features': 30, 'n_estimators': 80}",0.9166666666666666,0.891566265060241,0.9518072289156626,0.963855421686747,0.891566265060241,0.9230923694779115,0.03005078952053082,37,1.0,1.0,1.0,1.0,1.0,1.0,0.0
0.4901270389556885,0.06622973952176625,0.011956882476806641,0.0027737506927222656,gini,30,90,"{'criterion': 'gini', 'max_features': 30, 'n_estimators': 90}",0.8928571428571429,0.9036144578313253,0.9759036144578314,0.9759036144578314,0.8674698795180723,0.9231497418244408,0.04464405468812472,21,1.0,1.0,1.0,1.0,1.0,1.0,0.0
0.5028619289398193,0.050002894525168706,0.013015556335449218,0.0020876081711409564,gini,30,100,"{'criterion': 'gini', 'max_features': 30, 'n_estimators': 100}",0.9166666666666666,0.8795180722891566,0.9759036144578314,0.9759036144578314,0.8795180722891566,0.9255020080321286,0.043330709226724384,17,1.0,1.0,1.0,1.0,1.0,1.0,0.0
0.12205629348754883,0.08290248687264672,0.0036434650421142576,0.0017595796875030437,gini,40,10,"{'criterion': 'gini', 'max_features': 40, 'n_estimators': 10}",0.8690476190476191,0.8674698795180723,0.963855421686747,0.9397590361445783,0.9036144578313253,0.9087492828456684,0.03822268701432462,146,0.9939759036144579,0.996996996996997,0.996996996996997,1.0,0.996996996996997,0.9969933789210899,0.0019049916960291674
0.12170972824096679,0.021015677793083363,0.003591585159301758,0.0007975944608473283,gini,40,20,"{'criterion': 'gini', 'max_features': 40, 'n_estimators': 20}",0.8571428571428571,0.891566265060241,0.9156626506024096,0.9759036144578314,0.8674698795180723,0.9015490533562822,0.04233379453258028,173,1.0,1.0,1.0,1.0,1.0,1.0,0.0
0.16747546195983887,0.009885490216760114,0.003610372543334961,0.0005448859539194027,gini,40,30,"{'criterion': 'gini', 'max_features': 40, 'n_estimators': 30}",0.8928571428571429,0.8795180722891566,0.9518072289156626,0.9759036144578314,0.8674698795180723,0.9135111876075731,0.04257070638909342,109,1.0,1.0,0.996996996996997,1.0,1.0,0.9993993993993995,0.0012012012012012187
0.23704919815063477,0.023601174839612996,0.00843825340270996,0.006948382070179789,gini,40,40,"{'criterion': 'gini', 'max_features': 40, 'n_estimators': 40}",0.8928571428571429,0.891566265060241,0.963855421686747,0.9759036144578314,0.8433734939759037,0.9135111876075731,0.04950721582035205,109,1.0,1.0,1.0,1.0,1.0,1.0,0.0
0.27842025756835936,0.02827866019458354,0.005388689041137695,0.0004927513790314702,gini,40,50,"{'criterion': 'gini', 'max_features': 40, 'n_estimators': 50}",0.8690476190476191,0.8674698795180723,0.9518072289156626,0.9759036144578314,0.8795180722891566,0.9087492828456684,0.04582219089493146,146,1.0,1.0,1.0,1.0,1.0,1.0,0.0
0.3188148498535156,0.012985537824895158,0.0073757171630859375,0.0007975509943857825,gini,40,60,"{'criterion': 'gini', 'max_features': 40, 'n_estimators': 60}",0.9047619047619048,0.8795180722891566,0.963855421686747,0.9759036144578314,0.8674698795180723,0.9183017785427424,0.0439647402260035,69,1.0,1.0,1.0,1.0,1.0,1.0,0.0
0.36938629150390623,0.010019530292462372,0.0086944580078125,0.0016055545738580099,gini,40,70,"{'criterion': 'gini', 'max_features': 40, 'n_estimators': 70}",0.9047619047619048,0.8554216867469879,0.963855421686747,0.963855421686747,0.8674698795180723,0.9110728628800917,0.04606538566818221,141,1.0,1.0,1.0,1.0,1.0,1.0,0.0
0.4143033027648926,0.010064905655619563,0.009910011291503906,0.0016548674114448588,gini,40,80,"{'criterion': 'gini', 'max_features': 40, 'n_estimators': 80}",0.9047619047619048,0.891566265060241,0.9759036144578314,0.9759036144578314,0.8674698795180723,0.9231210556511762,0.044725414842048325,24,1.0,1.0,1.0,1.0,1.0,1.0,0.0
0.48593649864196775,0.029674641015481763,0.008769893646240234,0.0011503881848279078,gini,40,90,"{'criterion': 'gini', 'max_features': 40, 'n_estimators': 90}",0.9047619047619048,0.8795180722891566,0.9759036144578314,0.9759036144578314,0.8795180722891566,0.9231210556511762,0.04407152315468159,24,1.0,1.0,1.0,1.0,1.0,1.0,0.0
0.532245683670044,0.020269513840130815,0.011310052871704102,0.0016449643821010512,gini,40,100,"{'criterion': 'gini', 'max_features': 40, 'n_estimators': 100}",0.9047619047619048,0.891566265060241,0.963855421686747,0.963855421686747,0.8674698795180723,0.9183017785427424,0.039069851878426466,69,1.0,1.0,1.0,1.0,1.0,1.0,0.0
0.08234610557556152,0.003682506907473963,0.0033351898193359373,0.0015862760742888222,gini,50,10,"{'criterion': 'gini', 'max_features': 50, 'n_estimators': 10}",0.8690476190476191,0.8674698795180723,0.927710843373494,0.9518072289156626,0.8554216867469879,0.8942914515203672,0.03819012128114366,187,0.9969879518072289,1.0,0.996996996996997,1.0,0.996996996996997,0.9981963891602446,0.0014726457877744898
0.14798903465270996,0.008852108724833493,0.003177976608276367,0.001178421076116894,gini,50,20,"{'criterion': 'gini', 'max_features': 50, 'n_estimators': 20}",0.8928571428571429,0.9156626506024096,0.9397590361445783,0.963855421686747,0.8674698795180723,0.91592082616179,0.03389831876714134,82,1.0,1.0,1.0,1.0,1.0,1.0,0.0
0.18500971794128418,0.0058461440569452525,0.0037868499755859377,0.0007518352185428381,gini,50,30,"{'criterion': 'gini', 'max_features': 50, 'n_estimators': 30}",0.8928571428571429,0.8795180722891566,0.963855421686747,0.9759036144578314,0.8554216867469879,0.9135111876075733,0.04771554966071195,107,1.0,1.0,1.0,1.0,1.0,1.0,0.0
0.28299126625061033,0.055305052493767326,0.006379604339599609,0.0013428256498150505,gini,50,40,"{'criterion': 'gini', 'max_features': 50, 'n_estimators': 40}",0.9047619047619048,0.9036144578313253,0.9759036144578314,0.963855421686747,0.8795180722891566,0.9255306942053931,0.03751010860724623,11,1.0,1.0,1.0,1.0,1.0,1.0,0.0
0.4001047134399414,0.03824799916896346,0.006776285171508789,0.001718844860629708,gini,50,50,"{'criterion': 'gini', 'max_features': 50, 'n_estimators': 50}",0.8928571428571429,0.8674698795180723,0.963855421686747,0.9759036144578314,0.8433734939759037,0.9086919104991396,0.05249174669823656,154,1.0,1.0,1.0,1.0,1.0,1.0,0.0
0.4736738681793213,0.05674295588960085,0.011007881164550782,0.0015289801776481849,gini,50,60,"{'criterion': 'gini', 'max_features': 50, 'n_estimators': 60}",0.8928571428571429,0.8795180722891566,0.9759036144578314,0.9518072289156626,0.8674698795180723,0.9135111876075731,0.04257070638909342,109,1.0,1.0,1.0,1.0,1.0,1.0,0.0
0.42145648002624514,0.005970241393264263,0.007971668243408203,0.0010929086611928848,gini,50,70,"{'criterion': 'gini', 'max_features': 50, 'n_estimators': 70}",0.8928571428571429,0.8674698795180723,0.9518072289156626,0.963855421686747,0.8674698795180723,0.9086919104991393,0.041355036431824414,162,1.0,1.0,1.0,1.0,1.0,1.0,0.0
0.4827986717224121,0.02274505850771916,0.009464740753173828,0.0021100796939334376,gini,50,80,"{'criterion': 'gini', 'max_features': 50, 'n_estimators': 80}",0.8809523809523809,0.8795180722891566,0.9759036144578314,0.9759036144578314,0.891566265060241,0.9207687894434884,0.04520940906483078,41,1.0,1.0,1.0,1.0,1.0,1.0,0.0
0.5277980327606201,0.008621079871331627,0.010748624801635742,0.003103416941483921,gini,50,90,"{'criterion': 'gini', 'max_features': 50, 'n_estimators': 90}",0.8928571428571429,0.891566265060241,0.963855421686747,0.963855421686747,0.8795180722891566,0.9183304647160069,0.037461067069719946,62,1.0,1.0,1.0,1.0,1.0,1.0,0.0
0.6304574012756348,0.05866623257670594,0.011119794845581055,0.0015025473091260148,gini,50,100,"{'criterion': 'gini', 'max_features': 50, 'n_estimators': 100}",0.8928571428571429,0.8795180722891566,0.9759036144578314,0.9759036144578314,0.8674698795180723,0.9183304647160069,0.04768946676465685,62,1.0,1.0,1.0,1.0,1.0,1.0,0.0
0.07935605049133301,0.013745557243605922,0.0027944564819335936,0.0017145679017999086,gini,60,10,"{'criterion': 'gini', 'max_features': 60, 'n_estimators': 10}",0.9047619047619048,0.891566265060241,0.9036144578313253,0.9397590361445783,0.8313253012048193,0.8942053930005738,0.0353156503147703,191,1.0,1.0,0.996996996996997,0.993993993993994,1.0,0.9981981981981981,0.0024024024024023984
0.15142993927001952,0.024098675615852324,0.002939939498901367,8.436851661957854e-05,gini,60,20,"{'criterion': 'gini', 'max_features': 60, 'n_estimators': 20}",0.9047619047619048,0.8674698795180723,0.9759036144578314,0.963855421686747,0.8674698795180723,0.9158921399885255,0.04629290704542076,95,1.0,1.0,1.0,1.0,1.0,1.0,0.0
0.22756175994873046,0.04752690926545171,0.005255603790283203,0.002000265294263777,gini,60,30,"{'criterion': 'gini', 'max_features': 60, 'n_estimators': 30}",0.8928571428571429,0.9036144578313253,0.9518072289156626,0.963855421686747,0.8674698795180723,0.91592082616179,0.03637700859193587,82,1.0,1.0,1.0,1.0,1.0,1.0,0.0
0.3302204132080078,0.05037454902000746,0.004582691192626953,0.0004842510926980125,gini,60,40,"{'criterion': 'gini', 'max_features': 60, 'n_estimators': 40}",0.9047619047619048,0.9036144578313253,0.963855421686747,0.9759036144578314,0.8795180722891566,0.9255306942053931,0.03751010860724623,11,1.0,1.0,1.0,1.0,1.0,1.0,0.0
0.4863450050354004,0.1155458778386745,0.009764337539672851,0.002517638768364308,gini,60,50,"{'criterion': 'gini', 'max_features': 60, 'n_estimators': 50}",0.8928571428571429,0.9036144578313253,0.9518072289156626,0.9518072289156626,0.8674698795180723,0.9135111876075731,0.033399133028122065,109,1.0,1.0,1.0,1.0,1.0,1.0,0.0
0.6246901035308838,0.12972459855672452,0.009803390502929688,0.0020439617561233154,gini,60,60,"{'criterion': 'gini', 'max_features': 60, 'n_estimators': 60}",0.8928571428571429,0.8674698795180723,0.9518072289156626,0.9759036144578314,0.891566265060241,0.91592082616179,0.040886039571177334,82,1.0,1.0,1.0,1.0,1.0,1.0,0.0
0.5867159843444825,0.04019881505215875,0.00970630645751953,0.003120112878869407,gini,60,70,"{'criterion': 'gini', 'max_features': 60, 'n_estimators': 70}",0.8809523809523809,0.9036144578313253,0.9759036144578314,0.9759036144578314,0.8674698795180723,0.9207687894434884,0.046475991944557454,41,1.0,1.0,1.0,1.0,1.0,1.0,0.0
0.600587797164917,0.0451701703310787,0.009850168228149414,0.0019130738615844355,gini,60,80,"{'criterion': 'gini', 'max_features': 60, 'n_estimators': 80}",0.8809523809523809,0.8795180722891566,0.963855421686747,0.9759036144578314,0.8795180722891566,0.9159495123350545,0.044201288136914645,77,1.0,1.0,1.0,1.0,1.0,1.0,0.0
0.6057271957397461,0.015921564354204377,0.01045241355895996,0.0024728415996344666,gini,60,90,"{'criterion': 'gini', 'max_features': 60, 'n_estimators': 90}",0.8928571428571429,0.8795180722891566,0.9759036144578314,0.9759036144578314,0.8554216867469879,0.91592082616179,0.050424417955105195,82,1.0,1.0,1.0,1.0,1.0,1.0,0.0
0.6570086479187012,0.013307277142729513,0.011530494689941407,0.0007039596174631814,gini,60,100,"{'criterion': 'gini', 'max_features': 60, 'n_estimators': 100}",0.8928571428571429,0.9156626506024096,0.9759036144578314,0.963855421686747,0.8554216867469879,0.9207401032702236,0.04465798739933933,45,1.0,1.0,1.0,1.0,1.0,1.0,0.0
0.07424969673156738,0.003068174012130629,0.0015950679779052734,0.0004880782586467314,gini,70,10,"{'criterion': 'gini', 'max_features': 70, 'n_estimators': 10}",0.9047619047619048,0.9036144578313253,0.927710843373494,0.9397590361445783,0.8192771084337349,0.8990246701090076,0.04218018662554673,182,1.0,0.990990990990991,0.993993993993994,1.0,0.996996996996997,0.9963963963963964,0.0035020732101172986
0.14889864921569823,0.002738628508567535,0.0027133464813232423,0.0003903219173660853,gini,70,20,"{'criterion': 'gini', 'max_features': 70, 'n_estimators': 20}",0.8809523809523809,0.8795180722891566,0.963855421686747,0.9759036144578314,0.8313253012048193,0.906310958118187,0.05502411837267737,165,1.0,1.0,1.0,0.996996996996997,1.0,0.9993993993993995,0.0012012012012012187
0.2220517635345459,0.006135930605166754,0.004280757904052734,0.0009180765548590171,gini,70,30,"{'criterion': 'gini', 'max_features': 70, 'n_estimators': 30}",0.8928571428571429,0.8795180722891566,0.9518072289156626,0.963855421686747,0.8554216867469879,0.9086919104991396,0.04205119044566051,154,1.0,1.0,1.0,1.0,1.0,1.0,0.0
0.29755139350891113,0.006456316716297642,0.004388666152954102,0.0004886360620900065,gini,70,40,"{'criterion': 'gini', 'max_features': 70, 'n_estimators': 40}",0.8809523809523809,0.8795180722891566,0.9759036144578314,0.963855421686747,0.8674698795180723,0.9135398737808377,0.04639560873456556,102,1.0,1.0,1.0,1.0,1.0,1.0,0.0
0.3665721893310547,0.004415318205719147,0.005427885055541992,0.0010804411821326869,gini,70,50,"{'criterion': 'gini', 'max_features': 70, 'n_estimators': 50}",0.8809523809523809,0.891566265060241,0.963855421686747,0.9759036144578314,0.8674698795180723,0.9159495123350545,0.044853288091089086,77,1.0,1.0,1.0,1.0,1.0,1.0,0.0
0.48508787155151367,0.04120121680341355,0.00922398567199707,0.0021926660449931618,gini,70,60,"{'criterion': 'gini', 'max_features': 70, 'n_estimators': 60}",0.8928571428571429,0.891566265060241,0.9518072289156626,0.963855421686747,0.8674698795180723,0.9135111876075731,0.03749426603000267,109,1.0,1.0,1.0,1.0,1.0,1.0,0.0
0.5119527339935303,0.010467330825645502,0.006990766525268555,1.7091536012378955e-05,gini,70,70,"{'criterion': 'gini', 'max_features': 70, 'n_estimators': 70}",0.8928571428571429,0.9156626506024096,0.963855421686747,0.963855421686747,0.8674698795180723,0.9207401032702236,0.038363571548832576,45,1.0,1.0,1.0,1.0,1.0,1.0,0.0
0.5962379455566407,0.013273666880525352,0.008403730392456055,0.0005118268281903174,gini,70,80,"{'criterion': 'gini', 'max_features': 70, 'n_estimators': 80}",0.8928571428571429,0.8674698795180723,0.9397590361445783,0.9759036144578314,0.8674698795180723,0.9086919104991396,0.04273600586761582,154,1.0,1.0,1.0,1.0,1.0,1.0,0.0
0.7268369197845459,0.08020545400072021,0.04021005630493164,0.061061625142877066,gini,70,90,"{'criterion': 'gini', 'max_features': 70, 'n_estimators': 90}",0.9047619047619048,0.8795180722891566,0.9397590361445783,0.963855421686747,0.8674698795180723,0.9110728628800917,0.03618189660704366,141,1.0,1.0,1.0,1.0,1.0,1.0,0.0
0.8264162063598632,0.08089032020279538,0.012314653396606446,0.0014768874675018565,gini,70,100,"{'criterion': 'gini', 'max_features': 70, 'n_estimators': 100}",0.8690476190476191,0.891566265060241,0.9759036144578314,0.963855421686747,0.8554216867469879,0.9111589213998853,0.049462449831463855,125,1.0,1.0,1.0,1.0,1.0,1.0,0.0
0.1471080780029297,0.05205774266740368,0.0031889915466308595,0.0013954635532456162,gini,80,10,"{'criterion': 'gini', 'max_features': 80, 'n_estimators': 10}",0.8928571428571429,0.8674698795180723,0.9518072289156626,0.927710843373494,0.8554216867469879,0.8990533562822719,0.03617693822302899,180,1.0,1.0,1.0,0.996996996996997,1.0,0.9993993993993995,0.0012012012012012187
0.1935439109802246,0.018832755850496125,0.002774333953857422,0.0004385042470293864,gini,80,20,"{'criterion': 'gini', 'max_features': 80, 'n_estimators': 20}",0.8809523809523809,0.891566265060241,0.9518072289156626,0.9879518072289156,0.8313253012048193,0.9087205966724039,0.055117001482599945,150,0.9969879518072289,0.996996996996997,1.0,1.0,1.0,0.9987969897608451,0.0014733833970874144
0.2738180160522461,0.014498401531722735,0.0051135063171386715,0.0014312099627062753,gini,80,30,"{'criterion': 'gini', 'max_features': 80, 'n_estimators': 30}",0.9047619047619048,0.8795180722891566,0.963855421686747,0.9759036144578314,0.8674698795180723,0.9183017785427424,0.0439647402260035,69,1.0,1.0,1.0,1.0,1.0,1.0,0.0
0.42542099952697754,0.09914749111364252,0.00499114990234375,0.0008869926564029517,gini,80,40,"{'criterion': 'gini', 'max_features': 80, 'n_estimators': 40}",0.8928571428571429,0.891566265060241,0.927710843373494,0.963855421686747,0.8313253012048193,0.9014629948364888,0.04398423921727145,175,1.0,1.0,1.0,1.0,1.0,1.0,0.0
0.4596822261810303,0.04388710548498333,0.00848078727722168,0.0029637601386136134,gini,80,50,"{'criterion': 'gini', 'max_features': 80, 'n_estimators': 50}",0.8928571428571429,0.9036144578313253,0.9518072289156626,0.963855421686747,0.8433734939759037,0.9111015490533563,0.0433956859327433,134,1.0,1.0,1.0,1.0,1.0,1.0,0.0
0.5114181995391845,0.021752357888270863,0.009100055694580078,0.0016848895922617047,gini,80,60,"{'criterion': 'gini', 'max_features': 80, 'n_estimators': 60}",0.8809523809523809,0.8674698795180723,0.9518072289156626,0.963855421686747,0.8795180722891566,0.9087205966724039,0.040550683613972786,150,1.0,1.0,1.0,1.0,1.0,1.0,0.0
0.5934296131134034,0.011739413568755672,0.0069939613342285155,0.0006500497910141986,gini,80,70,"{'criterion': 'gini', 'max_features': 80, 'n_estimators': 70}",0.8928571428571429,0.891566265060241,0.963855421686747,0.9759036144578314,0.8554216867469879,0.91592082616179,0.04621879345865001,82,1.0,1.0,1.0,1.0,1.0,1.0,0.0
0.7020749092102051,0.04657957944975544,0.011202192306518555,0.0038649285168399646,gini,80,80,"{'criterion': 'gini', 'max_features': 80, 'n_estimators': 80}",0.8809523809523809,0.9036144578313253,0.963855421686747,0.963855421686747,0.8795180722891566,0.9183591508892714,0.038118560073169744,60,1.0,1.0,1.0,1.0,1.0,1.0,0.0
0.8388185977935791,0.09522090319670329,0.010370922088623048,0.0016420624134717886,gini,80,90,"{'criterion': 'gini', 'max_features': 80, 'n_estimators': 90}",0.8928571428571429,0.9036144578313253,0.9518072289156626,0.963855421686747,0.8674698795180723,0.91592082616179,0.03637700859193587,82,1.0,1.0,1.0,1.0,1.0,1.0,0.0
0.9284268856048584,0.1097261127109325,0.011565446853637695,0.0027506381539322317,gini,80,100,"{'criterion': 'gini', 'max_features': 80, 'n_estimators': 100}",0.8928571428571429,0.8795180722891566,0.9518072289156626,0.963855421686747,0.8674698795180723,0.9111015490533563,0.03917657565248902,134,1.0,1.0,1.0,1.0,1.0,1.0,0.0
0.09512691497802735,0.004188021321758687,0.0016998767852783204,0.0005981209968357479,gini,90,10,"{'criterion': 'gini', 'max_features': 90, 'n_estimators': 10}",0.8928571428571429,0.8795180722891566,0.9397590361445783,0.9518072289156626,0.8433734939759037,0.9014629948364888,0.03982752593124582,175,1.0,1.0,0.990990990990991,0.996996996996997,1.0,0.9975975975975976,0.003502073210117306
0.18549175262451173,0.005732117684648488,0.003576183319091797,0.0008088916152270647,gini,90,20,"{'criterion': 'gini', 'max_features': 90, 'n_estimators': 20}",0.8690476190476191,0.891566265060241,0.9397590361445783,0.963855421686747,0.8313253012048193,0.8991107286288009,0.047748788136128054,179,1.0,1.0,1.0,0.996996996996997,1.0,0.9993993993993995,0.0012012012012012187
0.3439422607421875,0.05324139618385614,0.005219554901123047,0.0019141530115804588,gini,90,30,"{'criterion': 'gini', 'max_features': 90, 'n_estimators': 30}",0.8928571428571429,0.891566265060241,0.927710843373494,0.9879518072289156,0.8674698795180723,0.9135111876075731,0.0418831883080397,109,1.0,0.996996996996997,1.0,1.0,1.0,0.9993993993993995,0.0012012012012012187
0.4259284019470215,0.020570601328446868,0.0044899463653564455,0.0006327880870176459,gini,90,40,"{'criterion': 'gini', 'max_features': 90, 'n_estimators': 40}",0.8928571428571429,0.8674698795180723,0.9156626506024096,0.9759036144578314,0.8674698795180723,0.9038726333907057,0.040247058898913224,171,1.0,1.0,1.0,1.0,1.0,1.0,0.0
0.5068038940429688,0.054206883907432155,0.005585241317749024,0.0007980706065949516,gini,90,50,"{'criterion': 'gini', 'max_features': 90, 'n_estimators': 50}",0.8928571428571429,0.8795180722891566,0.9518072289156626,0.9759036144578314,0.8674698795180723,0.9135111876075731,0.04257070638909342,109,1.0,1.0,1.0,1.0,1.0,1.0,0.0
0.5484052658081054,0.018306208340923658,0.005990314483642578,0.0006480336346063752,gini,90,60,"{'criterion': 'gini', 'max_features': 90, 'n_estimators': 60}",0.8928571428571429,0.891566265060241,0.963855421686747,0.9759036144578314,0.8674698795180723,0.9183304647160069,0.04321851666773774,62,1.0,1.0,1.0,1.0,1.0,1.0,0.0
0.6333491325378418,0.01810555156627406,0.008179473876953124,0.0006947246309279065,gini,90,70,"{'criterion': 'gini', 'max_features': 90, 'n_estimators': 70}",0.8928571428571429,0.891566265060241,0.9759036144578314,0.9759036144578314,0.8674698795180723,0.9207401032702238,0.0459397757700113,43,1.0,1.0,1.0,1.0,1.0,1.0,0.0
0.7183509349822998,0.02186056238149026,0.008363103866577149,0.0010114372300476157,gini,90,80,"{'criterion': 'gini', 'max_features': 90, 'n_estimators': 80}",0.8928571428571429,0.8674698795180723,0.9518072289156626,0.9759036144578314,0.8554216867469879,0.9086919104991396,0.04725263225318435,154,1.0,1.0,1.0,1.0,1.0,1.0,0.0
0.8339176654815674,0.042065595173358464,0.009378337860107422,0.0004855906874836128,gini,90,90,"{'criterion': 'gini', 'max_features': 90, 'n_estimators': 90}",0.8928571428571429,0.8795180722891566,0.9759036144578314,0.963855421686747,0.8554216867469879,0.9135111876075731,0.04771554966071195,109,1.0,1.0,1.0,1.0,1.0,1.0,0.0
0.9101704120635986,0.02228772965458566,0.0106353759765625,0.0010769458584147702,gini,90,100,"{'criterion': 'gini', 'max_features': 90, 'n_estimators': 100}",0.8928571428571429,0.8795180722891566,0.9518072289156626,0.963855421686747,0.8554216867469879,0.9086919104991396,0.04205119044566051,154,1.0,1.0,1.0,1.0,1.0,1.0,0.0
0.09841971397399903,0.003525205032214728,0.0019486427307128906,0.0005604728298220553,gini,100,10,"{'criterion': 'gini', 'max_features': 100, 'n_estimators': 10}",0.8690476190476191,0.8795180722891566,0.963855421686747,0.927710843373494,0.8313253012048193,0.8942914515203672,0.046424652060135733,187,1.0,0.987987987987988,1.0,0.996996996996997,0.993993993993994,0.9957957957957959,0.004494483347476185
0.1941648006439209,0.003911491073979173,0.002801179885864258,0.001158044890536047,gini,100,20,"{'criterion': 'gini', 'max_features': 100, 'n_estimators': 20}",0.8690476190476191,0.8554216867469879,0.963855421686747,0.963855421686747,0.891566265060241,0.9087492828456684,0.04645144516622947,146,1.0,1.0,1.0,1.0,1.0,1.0,0.0
0.29309802055358886,0.006027355142440611,0.004107856750488281,0.0004673926982454863,gini,100,30,"{'criterion': 'gini', 'max_features': 100, 'n_estimators': 30}",0.8928571428571429,0.8674698795180723,0.9397590361445783,0.963855421686747,0.8674698795180723,0.9062822719449226,0.039059951395999166,166,1.0,1.0,1.0,1.0,1.0,1.0,0.0
0.387272310256958,0.004332548038509251,0.004986381530761719,0.0006426341935060142,gini,100,40,"{'criterion': 'gini', 'max_features': 100, 'n_estimators': 40}",0.8928571428571429,0.9156626506024096,0.9518072289156626,0.9759036144578314,0.8554216867469879,0.9183304647160069,0.04254146921933751,62,1.0,1.0,1.0,1.0,1.0,1.0,0.0
0.48053689002990724,0.007299336330909932,0.006419754028320313,0.0009764161270311627,gini,100,50,"{'criterion': 'gini', 'max_features': 100, 'n_estimators': 50}",0.8928571428571429,0.8795180722891566,0.9397590361445783,0.9759036144578314,0.8554216867469879,0.9086919104991396,0.043410019317394674,154,1.0,1.0,1.0,1.0,1.0,1.0,0.0
0.7187922954559326,0.08101710386878672,0.007464122772216797,0.0023179790221856834,gini,100,60,"{'criterion': 'gini', 'max_features': 100, 'n_estimators': 60}",0.8928571428571429,0.8795180722891566,0.963855421686747,0.963855421686747,0.8795180722891566,0.91592082616179,0.03944034828163302,82,1.0,1.0,1.0,1.0,1.0,1.0,0.0
0.8267545700073242,0.09165556943830992,0.008920240402221679,0.002148044857681327,gini,100,70,"{'criterion': 'gini', 'max_features': 100, 'n_estimators': 70}",0.8928571428571429,0.8554216867469879,0.927710843373494,0.963855421686747,0.8433734939759037,0.8966437177280551,0.044797076179058135,185,1.0,1.0,1.0,1.0,1.0,1.0,0.0
0.8921507835388184,0.05906713627518984,0.011568641662597657,0.0033196132606017944,gini,100,80,"{'criterion': 'gini', 'max_features': 100, 'n_estimators': 80}",0.8809523809523809,0.8795180722891566,0.927710843373494,0.9759036144578314,0.8554216867469879,0.90390131956397,0.04294809710138843,169,1.0,1.0,1.0,1.0,1.0,1.0,0.0
0.9961456298828125,0.09252971849526918,0.009331130981445312,0.0007339510098492181,gini,100,90,"{'criterion': 'gini', 'max_features': 100, 'n_estimators': 90}",0.8690476190476191,0.9156626506024096,0.963855421686747,0.9759036144578314,0.8674698795180723,0.9183878370625358,0.04562869285098303,59,1.0,1.0,1.0,1.0,1.0,1.0,0.0
1.0471737384796143,0.1118798927439775,0.010826683044433594,0.0020292076324841548,gini,100,100,"{'criterion': 'gini', 'max_features': 100, 'n_estimators': 100}",0.8809523809523809,0.891566265060241,0.963855421686747,0.9759036144578314,0.8674698795180723,0.9159495123350545,0.044853288091089086,77,1.0,1.0,1.0,1.0,1.0,1.0,0.0
0.04129915237426758,0.0018053439663181937,0.0017607688903808593,0.00038661780354605843,entropy,10,10,"{'criterion': 'entropy', 'max_features': 10, 'n_estimators': 10}",0.8690476190476191,0.9036144578313253,0.927710843373494,0.8554216867469879,0.891566265060241,0.8894721744119334,0.025468346518610498,193,0.9939759036144579,0.996996996996997,1.0,0.996996996996997,0.996996996996997,0.9969933789210899,0.0019049916960291674
0.07834343910217285,0.0009747372693444393,0.002194929122924805,0.000400161828394718,entropy,10,20,"{'criterion': 'entropy', 'max_features': 10, 'n_estimators': 20}",0.8690476190476191,0.8674698795180723,0.9397590361445783,0.9397590361445783,0.8554216867469879,0.8942914515203672,0.03742220976704583,187,1.0,0.996996996996997,1.0,1.0,1.0,0.9993993993993995,0.0012012012012012187
0.11509933471679687,0.0015100016721767415,0.0037909507751464843,0.0003995227188834397,entropy,10,30,"{'criterion': 'entropy', 'max_features': 10, 'n_estimators': 30}",0.9166666666666666,0.891566265060241,0.9397590361445783,0.9397590361445783,0.8674698795180723,0.9110441767068274,0.02813825551100942,145,1.0,1.0,1.0,1.0,1.0,1.0,0.0
0.15440211296081544,0.0015953419422347276,0.0039904117584228516,3.715048061520091e-06,entropy,10,40,"{'criterion': 'entropy', 'max_features': 10, 'n_estimators': 40}",0.9047619047619048,0.8795180722891566,0.9759036144578314,0.9397590361445783,0.8554216867469879,0.9110728628800917,0.042798386168872674,141,1.0,1.0,1.0,1.0,1.0,1.0,0.0
0.19326748847961425,0.004146212640428172,0.005938291549682617,0.0006544334722796913,entropy,10,50,"{'criterion': 'entropy', 'max_features': 10, 'n_estimators': 50}",0.9166666666666666,0.8433734939759037,0.9518072289156626,0.9518072289156626,0.8674698795180723,0.9062248995983936,0.04408350884771506,168,1.0,1.0,1.0,1.0,1.0,1.0,0.0
0.23041954040527343,0.0032345685959591967,0.006178092956542969,0.00040176544019835205,entropy,10,60,"{'criterion': 'entropy', 'max_features': 10, 'n_estimators': 60}",0.9166666666666666,0.891566265060241,0.963855421686747,0.9759036144578314,0.8554216867469879,0.9206827309236948,0.04480207238407872,56,1.0,1.0,1.0,1.0,1.0,1.0,0.0
0.27229323387146,0.005832694586033211,0.007654857635498047,0.0011166656970943891,entropy,10,70,"{'criterion': 'entropy', 'max_features': 10, 'n_estimators': 70}",0.9285714285714286,0.8674698795180723,0.963855421686747,0.9759036144578314,0.8795180722891566,0.9230636833046472,0.043527579212731954,39,1.0,1.0,1.0,1.0,1.0,1.0,0.0
0.3070080280303955,0.007366690895489707,0.008737325668334961,0.0007436201257876459,entropy,10,80,"{'criterion': 'entropy', 'max_features': 10, 'n_estimators': 80}",0.9285714285714286,0.9156626506024096,0.963855421686747,0.927710843373494,0.8554216867469879,0.9182444061962134,0.035298682975401556,75,1.0,1.0,1.0,1.0,1.0,1.0,0.0
0.34613308906555174,0.006665405353884613,0.009187269210815429,0.0004000257203151648,entropy,10,90,"{'criterion': 'entropy', 'max_features': 10, 'n_estimators': 90}",0.9166666666666666,0.891566265060241,0.9759036144578314,0.9759036144578314,0.8795180722891566,0.9279116465863455,0.04097763371715133,5,1.0,1.0,1.0,1.0,1.0,1.0,0.0
0.4463648796081543,0.058061344636476594,0.010178852081298827,0.0009119948320545027,entropy,10,100,"{'criterion': 'entropy', 'max_features': 10, 'n_estimators': 100}",0.9166666666666666,0.891566265060241,0.963855421686747,0.9518072289156626,0.891566265060241,0.9230923694779115,0.030050789520530818,37,1.0,1.0,1.0,1.0,1.0,1.0,0.0
0.06671104431152344,0.010575565712548939,0.00269012451171875,0.0007940137868757858,entropy,20,10,"{'criterion': 'entropy', 'max_features': 20, 'n_estimators': 10}",0.8928571428571429,0.927710843373494,0.9397590361445783,0.9036144578313253,0.8192771084337349,0.8966437177280551,0.04212509603209951,185,0.9969879518072289,0.993993993993994,0.996996996996997,0.990990990990991,1.0,0.9957939867578421,0.0030617666747866827
0.1561981201171875,0.022146729083459715,0.0035445690155029297,0.001242087841637202,entropy,20,20,"{'criterion': 'entropy', 'max_features': 20, 'n_estimators': 20}",0.8809523809523809,0.8795180722891566,0.927710843373494,0.9156626506024096,0.9036144578313253,0.9014916810097532,0.01896032364037623,174,0.9969879518072289,0.996996996996997,0.996996996996997,1.0,1.0,0.9981963891602446,0.0014726457877744898
0.21548361778259278,0.020570311470471683,0.005562257766723633,0.0031568244369345514,entropy,20,30,"{'criterion': 'entropy', 'max_features': 20, 'n_estimators': 30}",0.9285714285714286,0.8674698795180723,0.963855421686747,0.9397590361445783,0.8674698795180723,0.9134251290877797,0.03921701005066585,124,1.0,1.0,1.0,1.0,1.0,1.0,0.0
0.264003849029541,0.03098441404066103,0.004988241195678711,0.000628876363859981,entropy,20,40,"{'criterion': 'entropy', 'max_features': 20, 'n_estimators': 40}",0.9047619047619048,0.9156626506024096,0.9518072289156626,0.963855421686747,0.891566265060241,0.9255306942053931,0.027718385088437013,11,1.0,1.0,1.0,1.0,1.0,1.0,0.0
0.28827266693115233,0.004804855683937657,0.005401229858398438,0.00048627002859747814,entropy,20,50,"{'criterion': 'entropy', 'max_features': 20, 'n_estimators': 50}",0.9166666666666666,0.891566265060241,0.9397590361445783,0.9518072289156626,0.8674698795180723,0.9134538152610441,0.030876718086787824,123,1.0,1.0,1.0,1.0,1.0,1.0,0.0
0.3593129634857178,0.030208576631553047,0.006858205795288086,0.0010856995987684717,entropy,20,60,"{'criterion': 'entropy', 'max_features': 20, 'n_estimators': 60}",0.9047619047619048,0.891566265060241,0.9759036144578314,0.963855421686747,0.8674698795180723,0.9207114170969593,0.04206203023226196,48,1.0,1.0,1.0,1.0,1.0,1.0,0.0
0.4103602409362793,0.004392706230578855,0.007803010940551758,0.0007344175322802343,entropy,20,70,"{'criterion': 'entropy', 'max_features': 20, 'n_estimators': 70}",0.9047619047619048,0.8795180722891566,0.9759036144578314,0.963855421686747,0.8795180722891566,0.9207114170969593,0.04136605864280567,48,1.0,1.0,1.0,1.0,1.0,1.0,0.0
0.46840629577636717,0.0084014879049082,0.00897073745727539,0.0015483420180962158,entropy,20,80,"{'criterion': 'entropy', 'max_features': 20, 'n_estimators': 80}",0.8928571428571429,0.8795180722891566,0.963855421686747,0.9759036144578314,0.8674698795180723,0.91592082616179,0.0449449631163936,82,1.0,1.0,1.0,1.0,1.0,1.0,0.0
0.5182355403900146,0.008895579290711466,0.009035301208496094,0.0007519327442411443,entropy,20,90,"{'criterion': 'entropy', 'max_features': 20, 'n_estimators': 90}",0.8928571428571429,0.8795180722891566,0.9759036144578314,0.963855421686747,0.8795180722891566,0.9183304647160069,0.04254146921933753,62,1.0,1.0,1.0,1.0,1.0,1.0,0.0
0.6125198841094971,0.033269672792326545,0.011274194717407227,0.0023724646968155635,entropy,20,100,"{'criterion': 'entropy', 'max_features': 20, 'n_estimators': 100}",0.9166666666666666,0.891566265060241,0.963855421686747,0.9759036144578314,0.891566265060241,0.9279116465863453,0.035675221200705,7,1.0,1.0,1.0,1.0,1.0,1.0,0.0
0.08496084213256835,0.008546179115349337,0.0019920825958251952,7.207342776069472e-06,entropy,30,10,"{'criterion': 'entropy', 'max_features': 30, 'n_estimators': 10}",0.8809523809523809,0.8674698795180723,0.9518072289156626,0.9036144578313253,0.7951807228915663,0.8798049340218015,0.05111937246778742,197,0.9939759036144579,1.0,0.996996996996997,1.0,1.0,0.998194580122291,0.002408736582701087
0.15360307693481445,0.0019057385980684517,0.0025929927825927733,0.0007985011801376181,entropy,30,20,"{'criterion': 'entropy', 'max_features': 30, 'n_estimators': 20}",0.8690476190476191,0.8795180722891566,0.9156626506024096,0.9518072289156626,0.8433734939759037,0.8918818129661503,0.03790488945268341,192,1.0,1.0,1.0,1.0,1.0,1.0,0.0
0.22738442420959473,0.006026528122010898,0.0035928726196289063,0.0004890291253327304,entropy,30,30,"{'criterion': 'entropy', 'max_features': 30, 'n_estimators': 30}",0.8690476190476191,0.8554216867469879,0.9518072289156626,0.927710843373494,0.8795180722891566,0.8967010900745841,0.036775674125071704,184,1.0,0.996996996996997,1.0,1.0,1.0,0.9993993993993995,0.0012012012012012187
0.30482144355773927,0.003980427650497923,0.005101060867309571,0.0006956926773453279,entropy,30,40,"{'criterion': 'entropy', 'max_features': 30, 'n_estimators': 40}",0.8809523809523809,0.8795180722891566,0.963855421686747,0.9759036144578314,0.8795180722891566,0.9159495123350545,0.044201288136914645,77,1.0,1.0,1.0,1.0,1.0,1.0,0.0
0.3797459125518799,0.006913327186567669,0.005903911590576172,0.0009561196971153815,entropy,30,50,"{'criterion': 'entropy', 'max_features': 30, 'n_estimators': 50}",0.8928571428571429,0.9036144578313253,0.9759036144578314,0.9759036144578314,0.891566265060241,0.9279690189328743,0.03936140209342292,2,1.0,1.0,1.0,1.0,1.0,1.0,0.0
0.45829973220825193,0.006477059184744013,0.007079792022705078,0.0010458698588911217,entropy,30,60,"{'criterion': 'entropy', 'max_features': 30, 'n_estimators': 60}",0.9047619047619048,0.9036144578313253,0.9759036144578314,0.963855421686747,0.8795180722891566,0.9255306942053931,0.03751010860724623,11,1.0,1.0,1.0,1.0,1.0,1.0,0.0
0.5372898578643799,0.01625070103641849,0.008299160003662109,0.0021992277668332894,entropy,30,70,"{'criterion': 'entropy', 'max_features': 30, 'n_estimators': 70}",0.9166666666666666,0.8795180722891566,0.9759036144578314,0.963855421686747,0.8795180722891566,0.9230923694779116,0.040717029433188445,32,1.0,1.0,1.0,1.0,1.0,1.0,0.0
0.6198408126831054,0.025849059354587294,0.008228302001953125,0.0007927106048077464,entropy,30,80,"{'criterion': 'entropy', 'max_features': 30, 'n_estimators': 80}",0.9166666666666666,0.891566265060241,0.9759036144578314,0.9759036144578314,0.891566265060241,0.9303212851405622,0.03832975152670783,1,1.0,1.0,1.0,1.0,1.0,1.0,0.0
0.7246153354644775,0.0656681652490069,0.010858440399169922,0.0016701196899232625,entropy,30,90,"{'criterion': 'entropy', 'max_features': 30, 'n_estimators': 90}",0.9166666666666666,0.8795180722891566,0.9759036144578314,0.9759036144578314,0.8674698795180723,0.9230923694779116,0.04606935123073259,32,1.0,1.0,1.0,1.0,1.0,1.0,0.0
0.7636504173278809,0.009047911168727649,0.011175775527954101,0.000976230434029951,entropy,30,100,"{'criterion': 'entropy', 'max_features': 30, 'n_estimators': 100}",0.9166666666666666,0.8795180722891566,0.9759036144578314,0.9759036144578314,0.891566265060241,0.9279116465863453,0.04097763371715133,7,1.0,1.0,1.0,1.0,1.0,1.0,0.0
0.09605803489685058,0.002970999724330653,0.0016677379608154297,0.00042555495078622327,entropy,40,10,"{'criterion': 'entropy', 'max_features': 40, 'n_estimators': 10}",0.8928571428571429,0.8795180722891566,0.963855421686747,0.963855421686747,0.8554216867469879,0.9111015490533564,0.04471367483010836,130,0.9969879518072289,1.0,0.996996996996997,0.990990990990991,0.996996996996997,0.9963945873584427,0.002941962954646715
0.24218039512634276,0.05098934117526887,0.004347038269042969,0.001084866463287369,entropy,40,20,"{'criterion': 'entropy', 'max_features': 40, 'n_estimators': 20}",0.9285714285714286,0.8795180722891566,0.9759036144578314,0.9518072289156626,0.891566265060241,0.925473321858864,0.036077308107604567,19,1.0,1.0,1.0,1.0,1.0,1.0,0.0
0.30534911155700684,0.015969343413807346,0.0038869380950927734,0.0009181809958728678,entropy,40,30,"{'criterion': 'entropy', 'max_features': 40, 'n_estimators': 30}",0.8690476190476191,0.8795180722891566,0.963855421686747,0.9759036144578314,0.8795180722891566,0.9135685599541021,0.04629344031834491,100,1.0,1.0,1.0,1.0,1.0,1.0,0.0
0.3740663528442383,0.008078624613509843,0.004642772674560547,0.0005424159939045624,entropy,40,40,"{'criterion': 'entropy', 'max_features': 40, 'n_estimators': 40}",0.8928571428571429,0.891566265060241,0.963855421686747,0.963855421686747,0.8795180722891566,0.9183304647160069,0.037461067069719946,62,1.0,1.0,1.0,1.0,1.0,1.0,0.0
0.5950714111328125,0.06850575166812338,0.007013893127441407,0.0026470182874495088,entropy,40,50,"{'criterion': 'entropy', 'max_features': 40, 'n_estimators': 50}",0.9047619047619048,0.9156626506024096,0.963855421686747,0.9759036144578314,0.8795180722891566,0.9279403327596099,0.036395236821797364,4,1.0,1.0,1.0,1.0,1.0,1.0,0.0
0.783301591873169,0.11003808156724311,0.007193899154663086,0.0011506861226667528,entropy,40,60,"{'criterion': 'entropy', 'max_features': 40, 'n_estimators': 60}",0.8928571428571429,0.891566265060241,0.963855421686747,0.963855421686747,0.8554216867469879,0.9135111876075731,0.04324729612456809,109,1.0,1.0,1.0,1.0,1.0,1.0,0.0
0.9514066219329834,0.13197430871164642,0.009785938262939452,0.0022220063837201432,entropy,40,70,"{'criterion': 'entropy', 'max_features': 40, 'n_estimators': 70}",0.9166666666666666,0.8795180722891566,0.9759036144578314,0.9759036144578314,0.891566265060241,0.9279116465863453,0.04097763371715133,7,1.0,1.0,1.0,1.0,1.0,1.0,0.0
0.9001357078552246,0.12595879009132444,0.0095794677734375,0.000739143637791987,entropy,40,80,"{'criterion': 'entropy', 'max_features': 40, 'n_estimators': 80}",0.8928571428571429,0.8674698795180723,0.9759036144578314,0.9759036144578314,0.891566265060241,0.9207401032702238,0.04593977577001129,43,1.0,1.0,1.0,1.0,1.0,1.0,0.0
1.3622963428497314,0.31863227971007946,0.02012934684753418,0.011445152987115095,entropy,40,90,"{'criterion': 'entropy', 'max_features': 40, 'n_estimators': 90}",0.9166666666666666,0.8795180722891566,0.9759036144578314,0.963855421686747,0.8795180722891566,0.9230923694779116,0.040717029433188445,32,1.0,1.0,1.0,1.0,1.0,1.0,0.0
1.342354679107666,0.11849919790998394,0.013640356063842774,0.002320764961735986,entropy,40,100,"{'criterion': 'entropy', 'max_features': 40, 'n_estimators': 100}",0.8928571428571429,0.8674698795180723,0.9759036144578314,0.963855421686747,0.8554216867469879,0.9111015490533564,0.04963689508591501,130,1.0,1.0,1.0,1.0,1.0,1.0,0.0
0.17844171524047853,0.04930108635677651,0.01295018196105957,0.021413828762899895,entropy,50,10,"{'criterion': 'entropy', 'max_features': 50, 'n_estimators': 10}",0.9285714285714286,0.9036144578313253,0.9879518072289156,0.9518072289156626,0.8313253012048193,0.9206540447504302,0.05259689464336044,57,0.9969879518072289,0.996996996996997,1.0,0.996996996996997,1.0,0.9981963891602446,0.0014726457877744898
0.305560302734375,0.0678550208445655,0.005469846725463867,0.002765870831592577,entropy,50,20,"{'criterion': 'entropy', 'max_features': 50, 'n_estimators': 20}",0.8928571428571429,0.9036144578313253,0.927710843373494,0.9397590361445783,0.8795180722891566,0.9086919104991396,0.022156350472588487,154,1.0,0.996996996996997,0.993993993993994,1.0,1.0,0.9981981981981981,0.0024024024024023984
0.42388715744018557,0.09033033644783946,0.003589153289794922,0.0004888130250153788,entropy,50,30,"{'criterion': 'entropy', 'max_features': 50, 'n_estimators': 30}",0.9285714285714286,0.891566265060241,0.9759036144578314,0.9518072289156626,0.8795180722891566,0.925473321858864,0.036077308107604567,19,1.0,1.0,1.0,1.0,1.0,1.0,0.0
0.5126128673553467,0.0554784516240069,0.005097103118896484,0.0008007700954036885,entropy,50,40,"{'criterion': 'entropy', 'max_features': 50, 'n_estimators': 40}",0.8690476190476191,0.8795180722891566,0.963855421686747,0.963855421686747,0.891566265060241,0.913568559954102,0.041672983564539454,101,1.0,1.0,1.0,1.0,1.0,1.0,0.0
0.6100206851959229,0.028392177374071504,0.006785964965820313,0.0016422683320774674,entropy,50,50,"{'criterion': 'entropy', 'max_features': 50, 'n_estimators': 50}",0.9047619047619048,0.8795180722891566,0.9759036144578314,0.963855421686747,0.891566265060241,0.9231210556511762,0.03918997443015049,24,1.0,1.0,1.0,1.0,1.0,1.0,0.0
0.7635118961334229,0.06556188326251199,0.006879091262817383,0.001533422798351814,entropy,50,60,"{'criterion': 'entropy', 'max_features': 50, 'n_estimators': 60}",0.9047619047619048,0.8795180722891566,0.9518072289156626,0.963855421686747,0.891566265060241,0.9183017785427424,0.033466524594950094,69,1.0,1.0,1.0,1.0,1.0,1.0,0.0
0.9207695007324219,0.18836138323920676,0.007544279098510742,0.0013079094345056666,entropy,50,70,"{'criterion': 'entropy', 'max_features': 50, 'n_estimators': 70}",0.8928571428571429,0.8795180722891566,0.9759036144578314,0.963855421686747,0.8433734939759037,0.9111015490533563,0.05079319356970479,134,1.0,1.0,1.0,1.0,1.0,1.0,0.0
1.0953476428985596,0.14166492059405367,0.009917688369750977,0.002893427929372564,entropy,50,80,"{'criterion': 'entropy', 'max_features': 50, 'n_estimators': 80}",0.9047619047619048,0.891566265060241,0.9759036144578314,0.9759036144578314,0.8674698795180723,0.9231210556511762,0.044725414842048325,24,1.0,1.0,1.0,1.0,1.0,1.0,0.0
1.12136549949646,0.06110990646600391,0.009578227996826172,0.0013515316914254189,entropy,50,90,"{'criterion': 'entropy', 'max_features': 50, 'n_estimators': 90}",0.9047619047619048,0.8795180722891566,0.9759036144578314,0.9759036144578314,0.8674698795180723,0.9207114170969593,0.04664396471782288,48,1.0,1.0,1.0,1.0,1.0,1.0,0.0
1.153790283203125,0.051074368077206375,0.01058058738708496,0.0010122029077352008,entropy,50,100,"{'criterion': 'entropy', 'max_features': 50, 'n_estimators': 100}",0.9047619047619048,0.891566265060241,0.9759036144578314,0.9759036144578314,0.8795180722891566,0.9255306942053931,0.04189737134290779,11,1.0,1.0,1.0,1.0,1.0,1.0,0.0
0.14048433303833008,0.011100718192511691,0.001796722412109375,0.0003982797884975083,entropy,60,10,"{'criterion': 'entropy', 'max_features': 60, 'n_estimators': 10}",0.8928571428571429,0.8795180722891566,0.9156626506024096,0.9397590361445783,0.8192771084337349,0.8894148020654045,0.040626549191878684,194,1.0,0.996996996996997,1.0,0.996996996996997,1.0,0.9987987987987988,0.0014711650106806087
0.29799160957336424,0.025218674637859432,0.0031918048858642577,0.0009774083403678998,entropy,60,20,"{'criterion': 'entropy', 'max_features': 60, 'n_estimators': 20}",0.8928571428571429,0.8554216867469879,0.9397590361445783,0.9397590361445783,0.8674698795180723,0.8990533562822719,0.03536534008847044,180,1.0,1.0,0.996996996996997,1.0,1.0,0.9993993993993995,0.0012012012012012187
0.4625807285308838,0.09532092771835277,0.003781032562255859,0.0011621946823472033,entropy,60,30,"{'criterion': 'entropy', 'max_features': 60, 'n_estimators': 30}",0.8809523809523809,0.8795180722891566,0.9518072289156626,0.9397590361445783,0.8674698795180723,0.90390131956397,0.034725202214152304,169,1.0,1.0,1.0,1.0,1.0,1.0,0.0
0.5946844577789306,0.061480359378864424,0.006562280654907227,0.0011798989953211649,entropy,60,40,"{'criterion': 'entropy', 'max_features': 60, 'n_estimators': 40}",0.9047619047619048,0.9156626506024096,0.9759036144578314,0.963855421686747,0.8554216867469879,0.9231210556511762,0.04340778240769678,24,1.0,1.0,1.0,1.0,1.0,1.0,0.0
0.7216554164886475,0.05241124789409257,0.006140375137329101,0.0012635051892444951,entropy,60,50,"{'criterion': 'entropy', 'max_features': 60, 'n_estimators': 50}",0.8928571428571429,0.8554216867469879,0.9518072289156626,0.963855421686747,0.8795180722891566,0.9086919104991393,0.04205119044566051,162,1.0,1.0,1.0,1.0,1.0,1.0,0.0
0.7978926181793213,0.01810991127128966,0.006587362289428711,0.00047636179117122924,entropy,60,60,"{'criterion': 'entropy', 'max_features': 60, 'n_estimators': 60}",0.9047619047619048,0.891566265060241,0.9759036144578314,0.9518072289156626,0.891566265060241,0.9231210556511762,0.0344597245798301,24,1.0,1.0,1.0,1.0,1.0,1.0,0.0
0.9910093784332276,0.05003121877696444,0.009467077255249024,0.001683852737593032,entropy,60,70,"{'criterion': 'entropy', 'max_features': 60, 'n_estimators': 70}",0.8928571428571429,0.8674698795180723,0.963855421686747,0.9759036144578314,0.8554216867469879,0.9111015490533564,0.04963689508591501,130,1.0,1.0,1.0,1.0,1.0,1.0,0.0
1.0993403911590576,0.07964389089005798,0.008633852005004883,0.0005602277971378809,entropy,60,80,"{'criterion': 'entropy', 'max_features': 60, 'n_estimators': 80}",0.9047619047619048,0.9036144578313253,0.9397590361445783,0.963855421686747,0.8674698795180723,0.9158921399885255,0.03313440522420257,95,1.0,1.0,1.0,1.0,1.0,1.0,0.0
1.1636597633361816,0.0374193565335556,0.009435367584228516,0.0010096292333899644,entropy,60,90,"{'criterion': 'entropy', 'max_features': 60, 'n_estimators': 90}",0.8928571428571429,0.891566265060241,0.9759036144578314,0.9879518072289156,0.8674698795180723,0.9231497418244405,0.04898506585005326,23,1.0,1.0,1.0,1.0,1.0,1.0,0.0
1.3267231941223145,0.045068414295300924,0.011055231094360352,0.0011092368778640742,entropy,60,100,"{'criterion': 'entropy', 'max_features': 60, 'n_estimators': 100}",0.8928571428571429,0.9036144578313253,0.9759036144578314,0.963855421686747,0.8554216867469879,0.9183304647160069,0.04518883625209412,62,1.0,1.0,1.0,1.0,1.0,1.0,0.0
0.146893310546875,0.002381071872443721,0.0016041278839111328,0.0004952719224753637,entropy,70,10,"{'criterion': 'entropy', 'max_features': 70, 'n_estimators': 10}",0.8809523809523809,0.8674698795180723,0.9518072289156626,0.9156626506024096,0.8554216867469879,0.8942627653471027,0.035136803573850094,190,0.9969879518072289,0.996996996996997,1.0,0.990990990990991,0.996996996996997,0.9963945873584427,0.002941962954646715
0.29163756370544436,0.006139463454485542,0.0032007694244384766,0.0007370941172223343,entropy,70,20,"{'criterion': 'entropy', 'max_features': 70, 'n_estimators': 20}",0.9047619047619048,0.891566265060241,0.963855421686747,0.9518072289156626,0.891566265060241,0.9207114170969593,0.030924493085322326,48,1.0,1.0,1.0,1.0,1.0,1.0,0.0
0.4434070110321045,0.01667498109501634,0.003950309753417969,0.0010946429985668371,entropy,70,30,"{'criterion': 'entropy', 'max_features': 70, 'n_estimators': 30}",0.8809523809523809,0.8795180722891566,0.963855421686747,0.9759036144578314,0.8795180722891566,0.9159495123350545,0.044201288136914645,77,1.0,1.0,1.0,1.0,1.0,1.0,0.0
0.587222957611084,0.0066557931567954925,0.005374813079833984,0.002327627829337003,entropy,70,40,"{'criterion': 'entropy', 'max_features': 70, 'n_estimators': 40}",0.8809523809523809,0.8795180722891566,0.9518072289156626,0.963855421686747,0.891566265060241,0.9135398737808377,0.03660139881446234,102,1.0,1.0,1.0,1.0,1.0,1.0,0.0
0.7704493999481201,0.05073937166000078,0.006000947952270508,0.0011593973477719965,entropy,70,50,"{'criterion': 'entropy', 'max_features': 70, 'n_estimators': 50}",0.9047619047619048,0.9036144578313253,0.9518072289156626,0.963855421686747,0.8313253012048193,0.9110728628800917,0.046691362545743395,141,1.0,1.0,1.0,1.0,1.0,1.0,0.0
0.8712262153625489,0.007922428486476993,0.006579875946044922,0.001016146674597351,entropy,70,60,"{'criterion': 'entropy', 'max_features': 70, 'n_estimators': 60}",0.8809523809523809,0.8795180722891566,0.9518072289156626,0.9759036144578314,0.8674698795180723,0.9111302352266207,0.04396923212290065,127,1.0,1.0,1.0,1.0,1.0,1.0,0.0
1.0151858806610108,0.014021790944694381,0.007903861999511718,0.0008145784121660576,entropy,70,70,"{'criterion': 'entropy', 'max_features': 70, 'n_estimators': 70}",0.8928571428571429,0.8795180722891566,0.963855421686747,0.963855421686747,0.8554216867469879,0.9111015490533564,0.04471367483010836,130,1.0,1.0,1.0,1.0,1.0,1.0,0.0
1.2131241798400878,0.056396256327829214,0.009520959854125977,0.0007741069710871048,entropy,70,80,"{'criterion': 'entropy', 'max_features': 70, 'n_estimators': 80}",0.9047619047619048,0.8795180722891566,0.963855421686747,0.963855421686747,0.8795180722891566,0.9183017785427424,0.03831957393007524,69,1.0,1.0,1.0,1.0,1.0,1.0,0.0
1.3081587314605714,0.024629677187769393,0.009783124923706055,0.0007382582636302748,entropy,70,90,"{'criterion': 'entropy', 'max_features': 70, 'n_estimators': 90}",0.8928571428571429,0.8674698795180723,0.9759036144578314,0.963855421686747,0.8674698795180723,0.9135111876075731,0.04710318566513504,109,1.0,1.0,1.0,1.0,1.0,1.0,0.0
1.5224117755889892,0.08882869166983139,0.011558914184570312,0.0015909369521697602,entropy,70,100,"{'criterion': 'entropy', 'max_features': 70, 'n_estimators': 100}",0.8928571428571429,0.891566265060241,0.9518072289156626,0.963855421686747,0.8433734939759037,0.9086919104991393,0.04407372637701806,162,1.0,1.0,1.0,1.0,1.0,1.0,0.0
0.1965254306793213,0.024987827895915467,0.0026500701904296877,0.0008978429188127759,entropy,80,10,"{'criterion': 'entropy', 'max_features': 80, 'n_estimators': 10}",0.8809523809523809,0.8554216867469879,0.9036144578313253,0.927710843373494,0.8674698795180723,0.8870338496844521,0.02587893513378575,195,0.9969879518072289,0.993993993993994,0.996996996996997,0.996996996996997,0.996996996996997,0.9963945873584429,0.001200301794415685
0.3593001842498779,0.024365537581041798,0.00329132080078125,0.00116371802583811,entropy,80,20,"{'criterion': 'entropy', 'max_features': 80, 'n_estimators': 20}",0.8928571428571429,0.8795180722891566,0.9518072289156626,0.9759036144578314,0.8433734939759037,0.9086919104991396,0.04846584791473316,154,1.0,0.996996996996997,1.0,1.0,1.0,0.9993993993993995,0.0012012012012012187
0.5733700275421143,0.04852640896261521,0.0041768550872802734,0.0012450651017390578,entropy,80,30,"{'criterion': 'entropy', 'max_features': 80, 'n_estimators': 30}",0.8928571428571429,0.8795180722891566,0.9759036144578314,0.963855421686747,0.8674698795180723,0.91592082616179,0.0449449631163936,82,1.0,1.0,1.0,1.0,1.0,1.0,0.0
0.7664602756500244,0.03271036265336696,0.0060028076171875,0.0010918613104478362,entropy,80,40,"{'criterion': 'entropy', 'max_features': 80, 'n_estimators': 40}",0.8928571428571429,0.8795180722891566,0.963855421686747,0.9759036144578314,0.8554216867469879,0.9135111876075733,0.04771554966071195,107,1.0,1.0,1.0,1.0,1.0,1.0,0.0
0.84943528175354,0.02474805173459706,0.005983877182006836,0.0015453264466510105,entropy,80,50,"{'criterion': 'entropy', 'max_features': 80, 'n_estimators': 50}",0.9047619047619048,0.9036144578313253,0.963855421686747,0.9759036144578314,0.8554216867469879,0.9207114170969593,0.04408406884713308,48,1.0,1.0,1.0,1.0,1.0,1.0,0.0
1.1404647350311279,0.09487800986612273,0.015339946746826172,0.01695039332039505,entropy,80,60,"{'criterion': 'entropy', 'max_features': 80, 'n_estimators': 60}",0.8928571428571429,0.8674698795180723,0.9518072289156626,0.963855421686747,0.8554216867469879,0.9062822719449226,0.04395594226490432,166,1.0,1.0,1.0,1.0,1.0,1.0,0.0
1.3361186027526855,0.147570604980352,0.008803892135620116,0.0022401972159490384,entropy,80,70,"{'criterion': 'entropy', 'max_features': 80, 'n_estimators': 70}",0.8809523809523809,0.8795180722891566,0.963855421686747,0.9759036144578314,0.8674698795180723,0.9135398737808377,0.04639560873456556,102,1.0,1.0,1.0,1.0,1.0,1.0,0.0
1.7138940811157226,0.1800146413786608,0.012732172012329101,0.005439506715294198,entropy,80,80,"{'criterion': 'entropy', 'max_features': 80, 'n_estimators': 80}",0.8690476190476191,0.8795180722891566,0.963855421686747,0.963855421686747,0.8674698795180723,0.9087492828456684,0.04518417420725818,146,1.0,1.0,1.0,1.0,1.0,1.0,0.0
2.0676905632019045,0.24781187446866929,0.011809873580932616,0.0025011824748092334,entropy,80,90,"{'criterion': 'entropy', 'max_features': 80, 'n_estimators': 90}",0.8928571428571429,0.891566265060241,0.9518072289156626,0.963855421686747,0.8554216867469879,0.9111015490533563,0.0406316531671376,134,1.0,1.0,1.0,1.0,1.0,1.0,0.0
2.9304190158843992,0.7388025129784186,0.016428041458129882,0.001588376005406282,entropy,80,100,"{'criterion': 'entropy', 'max_features': 80, 'n_estimators': 100}",0.8928571428571429,0.8795180722891566,0.9759036144578314,0.963855421686747,0.8674698795180723,0.91592082616179,0.0449449631163936,82,1.0,1.0,1.0,1.0,1.0,1.0,0.0
0.22787752151489257,0.007497577212135824,0.00396575927734375,0.0024135771841983325,entropy,90,10,"{'criterion': 'entropy', 'max_features': 90, 'n_estimators': 10}",0.8809523809523809,0.8433734939759037,0.927710843373494,0.9156626506024096,0.8192771084337349,0.8773952954675845,0.041337402743940516,198,0.9909638554216867,1.0,1.0,0.996996996996997,0.993993993993994,0.9963909692825356,0.0035104566774821536
0.4558130741119385,0.009748264371026728,0.003583669662475586,0.0011817416339304123,entropy,90,20,"{'criterion': 'entropy', 'max_features': 90, 'n_estimators': 20}",0.9047619047619048,0.891566265060241,0.9397590361445783,0.927710843373494,0.8313253012048193,0.8990246701090074,0.03782574078650474,183,1.0,1.0,1.0,0.996996996996997,1.0,0.9993993993993995,0.0012012012012012187
0.7619968891143799,0.07784211804639768,0.004816770553588867,0.0012177481592668769,entropy,90,30,"{'criterion': 'entropy', 'max_features': 90, 'n_estimators': 30}",0.8928571428571429,0.8795180722891566,0.9759036144578314,0.963855421686747,0.8674698795180723,0.91592082616179,0.0449449631163936,82,1.0,1.0,1.0,1.0,1.0,1.0,0.0
1.5638503074645995,0.6845164712101337,0.02328829765319824,0.028521303764715757,entropy,90,40,"{'criterion': 'entropy', 'max_features': 90, 'n_estimators': 40}",0.9047619047619048,0.891566265060241,0.963855421686747,0.963855421686747,0.8795180722891566,0.9207114170969593,0.036120710822217364,48,1.0,1.0,1.0,1.0,1.0,1.0,0.0
1.5200308322906495,0.43921261905094017,0.006946754455566406,0.003536379492725338,entropy,90,50,"{'criterion': 'entropy', 'max_features': 90, 'n_estimators': 50}",0.8809523809523809,0.8795180722891566,0.9518072289156626,0.963855421686747,0.8674698795180723,0.9087205966724039,0.040550683613972786,150,1.0,1.0,1.0,1.0,1.0,1.0,0.0
1.0401480674743653,0.047507871519050116,0.005777120590209961,0.00039546767919914933,entropy,90,60,"{'criterion': 'entropy', 'max_features': 90, 'n_estimators': 60}",0.8928571428571429,0.8795180722891566,0.9518072289156626,0.9759036144578314,0.8674698795180723,0.9135111876075731,0.04257070638909342,109,1.0,1.0,1.0,1.0,1.0,1.0,0.0
1.147531509399414,0.016448427592198448,0.006781911849975586,0.0003989221660422917,entropy,90,70,"{'criterion': 'entropy', 'max_features': 90, 'n_estimators': 70}",0.8809523809523809,0.8674698795180723,0.9759036144578314,0.9518072289156626,0.8674698795180723,0.9087205966724039,0.04592239735159728,150,1.0,1.0,1.0,1.0,1.0,1.0,0.0
1.3594855785369873,0.07789812831723483,0.007380390167236328,0.0004885971129893826,entropy,90,80,"{'criterion': 'entropy', 'max_features': 90, 'n_estimators': 80}",0.8928571428571429,0.891566265060241,0.9759036144578314,0.963855421686747,0.8554216867469879,0.91592082616179,0.04621879345865001,82,1.0,1.0,1.0,1.0,1.0,1.0,0.0
1.4912123680114746,0.039579383115998255,0.008976364135742187,0.001093145941435183,entropy,90,90,"{'criterion': 'entropy', 'max_features': 90, 'n_estimators': 90}",0.9047619047619048,0.891566265060241,0.9759036144578314,0.9879518072289156,0.8554216867469879,0.9231210556511762,0.050803528706086475,24,1.0,1.0,1.0,1.0,1.0,1.0,0.0
1.8650461196899415,0.179716830602499,0.011579942703247071,0.0047403358762725676,entropy,90,100,"{'criterion': 'entropy', 'max_features': 90, 'n_estimators': 100}",0.8809523809523809,0.8795180722891566,0.9518072289156626,0.9759036144578314,0.8795180722891566,0.9135398737808377,0.041786450585244876,102,1.0,1.0,1.0,1.0,1.0,1.0,0.0
0.17813100814819335,0.009301505704462525,0.0015955924987792968,0.0004885011928261197,entropy,100,10,"{'criterion': 'entropy', 'max_features': 100, 'n_estimators': 10}",0.8690476190476191,0.8554216867469879,0.927710843373494,0.9397590361445783,0.8192771084337349,0.8822432587492829,0.04524074185579979,196,1.0,1.0,0.990990990990991,1.0,1.0,0.9981981981981981,0.003603603603603611
0.3849900722503662,0.033396696000179915,0.002599334716796875,0.0004928543656026666,entropy,100,20,"{'criterion': 'entropy', 'max_features': 100, 'n_estimators': 20}",0.8928571428571429,0.8795180722891566,0.9518072289156626,0.9518072289156626,0.8433734939759037,0.9038726333907057,0.04235583181654727,171,1.0,1.0,1.0,1.0,1.0,1.0,0.0
0.8907330513000489,0.17374195417854893,0.0068450927734375,0.002213150028454526,entropy,100,30,"{'criterion': 'entropy', 'max_features': 100, 'n_estimators': 30}",0.8690476190476191,0.8795180722891566,0.963855421686747,0.963855421686747,0.8795180722891566,0.9111589213998853,0.04319604318838988,125,1.0,1.0,1.0,1.0,1.0,1.0,0.0
1.3676833629608154,0.22840213185053093,0.016485261917114257,0.017491902639694745,entropy,100,40,"{'criterion': 'entropy', 'max_features': 100, 'n_estimators': 40}",0.8809523809523809,0.891566265060241,0.9518072289156626,0.9759036144578314,0.891566265060241,0.9183591508892714,0.038118560073169744,60,1.0,1.0,1.0,1.0,1.0,1.0,0.0
1.6203949928283692,0.2293503755505208,0.012346601486206055,0.0042611421512870175,entropy,100,50,"{'criterion': 'entropy', 'max_features': 100, 'n_estimators': 50}",0.9047619047619048,0.8795180722891566,0.9518072289156626,0.963855421686747,0.8795180722891566,0.9158921399885255,0.0356662241962997,95,1.0,1.0,1.0,1.0,1.0,1.0,0.0
1.8658963680267333,0.32398720612337006,0.011347723007202149,0.007171598627456815,entropy,100,60,"{'criterion': 'entropy', 'max_features': 100, 'n_estimators': 60}",0.9047619047619048,0.9036144578313253,0.927710843373494,0.9759036144578314,0.8795180722891566,0.9183017785427424,0.0325874928284567,69,1.0,1.0,1.0,1.0,1.0,1.0,0.0
2.2381519794464113,0.26121887400510246,0.013574552536010743,0.003371107341008985,entropy,100,70,"{'criterion': 'entropy', 'max_features': 100, 'n_estimators': 70}",0.8928571428571429,0.891566265060241,0.9518072289156626,0.963855421686747,0.8674698795180723,0.9135111876075731,0.03749426603000267,109,1.0,1.0,1.0,1.0,1.0,1.0,0.0
2.464469289779663,0.04820739098853206,0.01660637855529785,0.006708409583742221,entropy,100,80,"{'criterion': 'entropy', 'max_features': 100, 'n_estimators': 80}",0.8809523809523809,0.891566265060241,0.9518072289156626,0.963855421686747,0.8674698795180723,0.9111302352266207,0.039074906476404166,127,1.0,1.0,1.0,1.0,1.0,1.0,0.0
2.799615716934204,0.12101758459828098,0.01525726318359375,0.0008715856175388957,entropy,100,90,"{'criterion': 'entropy', 'max_features': 100, 'n_estimators': 90}",0.8809523809523809,0.8795180722891566,0.963855421686747,0.9759036144578314,0.8674698795180723,0.9135398737808377,0.04639560873456556,102,1.0,1.0,1.0,1.0,1.0,1.0,0.0
3.1910415172576903,0.232914024112578,0.01834735870361328,0.00191093098038003,entropy,100,100,"{'criterion': 'entropy', 'max_features': 100, 'n_estimators': 100}",0.8809523809523809,0.891566265060241,0.963855421686747,0.963855421686747,0.8554216867469879,0.9111302352266207,0.04462462272218335,127,1.0,1.0,1.0,1.0,1.0,1.0,0.0
